user_id,email,password,fullname,created_at
1,lili.594@pt.go.id,)4gO4pYa^86z,Lili Winarno,2024-09-06 01:32:19.045890
2,aurora.161@cv.go.id,8sL(NWYc$9%f,Aurora Maulana,2025-01-31 18:57:31.612774
3,dalimin.256@pd.net,!tcc19ZiZwef,Dalimin Dabukke,2024-12-12 12:39:48.638564
4,siska.469@pd.mil.id,#bDRQFjOsX2U,"Siska Kusumo, S.Ked",2024-10-05 13:10:45.601202
5,gatot.309@cv.com,Tj%7fzK9&2HA,Gatot Maryadi,2025-03-17 04:52:04.900110
6,ismail.401@pt.net.id,Lu3#3VNvQ$tH,"Ismail Maheswara, S.I.Kom",2024-12-07 07:07:19.837381
7,sadina.132@pt.biz.id,p9M)q0r^vb7B,Sadina Sitompul,2025-04-16 15:43:32.589882
8,drg..772@pt.org,SjN3VYlvk(8E,"drg. Puti Nugroho, S.Kom",2024-11-19 10:48:10.501260
9,aurora.140@pt.edu,T#6w+K*dvrPZ,Aurora Firmansyah,2024-09-08 12:05:16.030314
10,gilda.724@pt.com,*fT^TiGHb2TV,Gilda Natsir,2025-06-04 09:45:33.927936
11,zelda.497@pt.net,D$1%BT2sj9jn,Zelda Damanik,2025-03-13 07:39:08.300111
12,jaswadi.952@ud.ponpes.id,s1)Xbxnen@6q,Jaswadi Yulianti,2025-05-24 22:08:37.050963
13,hj..159@pd.org,gUB^%a@)20$u,"Hj. Fathonah Aryani, S.H.",2024-09-07 06:08:27.753026
14,julia.344@perum.sch.id,5czU3Pl9_h)9,Julia Sihotang,2025-02-21 23:35:45.325223
15,keisha.879@pd.org,aaXas@Ht%6N_,Keisha Wasita,2024-08-29 09:16:30.141253
16,hilda.435@cv.edu,&0^H+alAvjrQ,Hilda Wahyudin,2025-03-09 09:45:41.329179
17,sutan.328@cv.mil.id,e*T8R+NhIqOt,Sutan Okto Riyanti,2024-08-23 21:02:47.673609
18,drs..482@pd.id,^9!+X*qUO5RI,"Drs. Diah Sihombing, S.T.",2024-08-25 05:26:29.151160
19,paulin.638@perum.ac.id,Cm_sD*xWWg1H,Paulin Sirait,2025-01-31 00:32:45.873195
20,kh..411@cv.gov,&ip0oPQa#9O4,"KH. Edi Permadi, S.Ked",2025-01-29 05:11:10.280714
21,putri.989@pd.edu,K()GAcl(1Ny4,Putri Utami,2025-02-21 16:38:15.971258
22,r..891@perum.ponpes.id,g@QKoBk0Oc4D,"R. Karma Padmasari, S.Farm",2024-09-23 07:53:32.130341
23,h..572@cv.web.id,&k13w(Lx*b9u,H. Balidin Wahyuni,2025-04-18 01:04:27.784018
24,dirja.973@pd.desa.id,m398_Sdn$(fS,Dirja Haryanti,2025-01-14 20:03:48.298737
25,yuliana.11@ud.org,P+4qA$vbQKhi,Yuliana Saptono,2025-04-25 09:28:30.672523
26,warsa.440@perum.co.id,7gg5sZNpHA(k,Warsa Tamba,2025-05-13 02:16:01.731678
27,dr..908@perum.ac.id,5tBSI4WdG$2&,Dr. Tedi Natsir,2025-06-11 06:02:18.621227
28,karen.883@ud.co.id,wfG4Tq1Ga(h7,Karen Anggriawan,2025-05-16 09:15:11.250227
29,wulan.940@pd.my.id,3U!GF3(^*_Ak,Wulan Kurniawan,2024-10-22 09:05:11.268969
30,tasnim.321@cv.net.id,i0q9wuUz*^eD,Tasnim Padmasari,2024-11-18 13:56:00.483253
31,okta.408@pd.biz.id,bz1K+n&s9^4n,"Okta Tarihoran, S.Pd",2025-01-15 19:23:24.194095
32,dr..476@pd.id,+9RLdGT9h4^7,dr. Novi Hutapea,2025-03-30 13:22:43.535033
33,kayun.638@perum.sch.id,ZSOj5Xrf8#*@,Kayun Pratama,2024-08-09 13:59:02.672654
34,padmi.355@pd.id,f%8db!A!w0xK,Padmi Hasanah,2024-09-07 00:14:43.632220
35,drg..702@pd.or.id,#5TP&(HF_S5v,drg. Kemal Hidayanto,2024-08-04 08:13:18.324934
36,hj..840@pt.my.id,(gQ%C&K(8m_),"Hj. Ira Anggriawan, S.IP",2024-11-22 23:08:53.764381
37,febi.85@cv.mil.id,G3mBBlBF%A4f,Febi Januar,2025-06-21 23:46:12.525356
38,sarah.330@pd.mil,r&CPR3MpiH0%,Sarah Rahmawati,2025-05-21 09:14:33.884285
39,ir..401@perum.net.id,(k5f3*l!bLGP,"Ir. Taufik Mahendra, M.Kom.",2024-07-02 05:36:27.522600
40,purwadi.631@cv.gov,nn#XpcDte^7e,Purwadi Mayasari,2025-01-03 08:31:37.086964
41,marsito.358@ud.biz.id,3#A7fL#p1u22,Marsito Mulyani,2024-12-30 16:14:57.189542
42,dr..577@pt.net,IK6Ct(ziX^sJ,dr. Karen Marbun,2025-02-20 21:26:56.856411
43,oman.48@pt.int,#j37bHynAjTG,Oman Lailasari,2025-02-02 17:40:48.035819
44,zamira.129@perum.go.id,@1Bj_SuanjTa,Zamira Nashiruddin,2024-10-08 11:08:02.847740
45,umi.700@pd.desa.id,4&*64LF0Fvn8,Umi Rahmawati,2024-11-11 04:38:13.535064
46,farhunnisa.7@ud.ponpes.id,)2MTnTJaVXG^,Farhunnisa Budiyanto,2025-06-21 05:23:55.712177
47,laswi.992@pd.org,5Aza4DmI_!J$,"Laswi Purwanti, S.T.",2024-10-05 08:01:50.967197
48,tgk..888@cv.edu,LT0EcC6tfz_A,"Tgk. Qori Laksmiwati, M.Ak",2025-05-31 12:36:44.595475
49,tiara.711@pt.org,D4GS+qyt*+3^,"Tiara Prakasa, S.IP",2024-10-15 15:52:02.944454
50,h..931@ud.co.id,li4s8Pyv$(%i,"H. Agus Safitri, S.E.",2025-06-12 19:01:13.511572
51,paris.407@ud.mil.id,q6eopc+z(Nv7,Paris Thamrin,2025-03-13 10:17:47.699236
52,r..256@pt.or.id,*4oJZy$5u%1F,"R. Lanang Mustofa, M.TI.",2025-04-01 21:37:00.720371
53,ani.268@pt.net,d%7^s(eLk1Tf,Ani Maulana,2025-04-12 03:43:26.454735
54,hani.772@ud.net,+ON7@ZOpNH$U,"Hani Farida, M.Pd",2024-08-19 10:31:58.379395
55,arta.863@cv.gov,K%n8fYCn_6s#,Arta Maheswara,2024-12-15 10:40:03.882840
56,yuliana.576@pt.id,*$)Wpv*%5#2S,"Yuliana Fujiati, S.Ked",2024-12-21 18:41:17.517624
57,dr..506@perum.edu,znGw(@yo!1Yp,"dr. Kamal Kusumo, S.T.",2024-07-17 22:14:14.053842
58,rama.334@perum.ac.id,QNCXy(f$^85#,Rama Haryanti,2025-05-20 08:38:30.163070
59,ir..308@perum.ponpes.id,Ti3jt)uvy@HJ,"Ir. Artanto Megantara, S.Sos",2025-06-09 10:46:32.605306
60,yunita.540@pt.desa.id,$5fiGqi$7D*T,Yunita Tampubolon,2025-03-30 03:34:08.340703
61,baktianto.616@pt.or.id,+o*dOD$Hf20X,Baktianto Rajata,2024-10-24 14:46:30.786705
62,drs..563@pt.web.id,^_pUZ$2l28z*,Drs. Gamanto Hastuti,2024-11-06 10:09:36.552500
63,ir..148@ud.mil,Gm$TLxvu*3zC,Ir. Salwa Yuliarti,2025-04-20 05:49:22.326530
64,daruna.214@pt.ponpes.id,b1O545aV$0Db,Daruna Zulkarnain,2025-04-09 20:53:26.025241
65,respati.548@pt.sch.id,(eIWkdBl1a(E,"Respati Widodo, M.Farm",2024-10-03 04:07:53.118187
66,bakiono.200@ud.sch.id,Q+$NWAxnp+m7,Bakiono Dongoran,2024-11-20 13:40:16.354934
67,r..712@ud.net,&GJoc75l#tH2,R. Ade Mangunsong,2025-05-27 06:40:14.464819
68,clara.383@pt.gov,CfrDWyIr%9v1,Clara Wacana,2025-05-12 11:15:47.995079
69,icha.22@pd.gov,C4SzdE(@)#7E,Icha Wasita,2024-07-22 01:54:07.608814
70,harsaya.551@pt.net.id,_57)WopeO0qV,Harsaya Siregar,2024-11-09 23:18:38.965190
71,mutia.174@ud.int,z7Po6L3f$clZ,Mutia Kuswandari,2024-12-03 21:55:32.092368
72,amelia.367@pt.org,pld9#OIgC&05,"Amelia Puspasari, S.Gz",2024-12-15 03:04:10.588845
73,bancar.715@cv.int,v6fX6nJki(L0,Bancar Lailasari,2025-03-31 21:48:47.819954
74,silvia.276@perum.desa.id,Do7cVZfTh)HR,"Silvia Rahimah, S.IP",2024-08-15 15:24:17.686314
75,dr..10@pt.my.id,+5C3M5vItP8m,Dr. Adika Gunawan,2024-08-28 15:13:04.718527
76,malika.278@pd.net,yMlohF^u_BS6,Malika Nasyidah,2025-03-10 12:05:57.217191
77,salsabila.414@cv.id,nV))Ab$W_Ai8,Salsabila Hartati,2025-04-25 07:49:19.288037
78,kamila.262@cv.id,(I%5noCaS2Ao,Kamila Purwanti,2024-08-02 11:12:39.150546
79,tgk..867@perum.co.id,60)IzZ^C_XW9,Tgk. Carla Mahendra,2024-08-24 15:46:11.744920
80,bella.758@ud.go.id,xn)nZoh6PU4^,Bella Lazuardi,2024-08-08 07:34:02.990640
81,gabriella.434@pd.org,O7TA@uQJ)(on,Gabriella Marbun,2024-12-04 07:27:11.205588
82,jati.438@cv.int,8yWWH*p($7AR,Jati Anggraini,2025-04-13 20:50:47.936887
83,dono.300@ud.web.id,G3u!TsxMt)8d,"Dono Laksita, S.Psi",2025-04-30 17:32:30.060658
84,hasim.348@pt.sch.id,T&Ey8rnr@D5K,Hasim Melani,2025-02-15 03:25:37.441989
85,ir..313@cv.or.id,*gSZumIVF7#r,"Ir. Kajen Aryani, S.E.I",2024-06-28 21:41:59.458993
86,kamaria.522@ud.mil.id,*5^HaITt90N(,"Kamaria Hastuti, M.Pd",2025-01-17 01:06:46.279598
87,harto.269@perum.net,drH@y)86%3Ge,Harto Pratama,2025-05-14 21:29:50.783496
88,jarwadi.595@ud.biz.id,@4Y9WqXOrzam,Jarwadi Zulaika,2025-06-04 08:52:03.136889
89,jagaraga.834@perum.sch.id,_1rxHN(NxBS1,Jagaraga Kuswandari,2024-11-12 03:46:28.665326
90,oskar.46@cv.sch.id,#3&4EhksK1(N,Oskar Halim,2024-10-18 00:29:17.289416
91,hj..665@perum.net,OXg1IfXv@Q&$,Hj. Cinthia Lazuardi,2025-01-23 06:01:00.374279
92,dr..857@pt.ponpes.id,J0ztUI3q^hij,"dr. Mala Hardiansyah, S.Kom",2024-10-05 21:34:54.262837
93,dr..550@pt.sch.id,$3kom9Ze+6Ec,"dr. Tiara Nasyidah, S.IP",2025-01-23 00:04:17.011733
94,drajat.887@cv.mil.id,0z(+H!5vl2$I,Drajat Tampubolon,2024-09-26 03:08:57.210146
95,ir..213@pt.go.id,&fACYqZA^1Yg,"Ir. Irnanto Mahendra, S.E.I",2025-06-21 06:39:34.815415
96,rina.338@cv.go.id,&d3XH4&Z68t*,"Rina Usada, M.Farm",2024-11-20 02:45:20.104812
97,qori.715@pt.mil,7tVn@bQwc+q3,"Qori Kuswoyo, S.Gz",2024-09-21 23:43:24.429940
98,rahmi.44@cv.net,*S3FDpA)+)pS,Rahmi Yuliarti,2024-07-11 03:44:55.881350
99,jaswadi.77@ud.com,GVD7UNqzAG8@,"Jaswadi Susanti, S.Gz",2025-02-09 04:33:42.114863
100,sutan.443@pd.gov,&9y5I!b5RveI,"Sutan Eja Purnawati, S.Psi",2025-05-14 23:07:49.944178
101,gamblang.389@ud.go.id,@_Uu7cH$(p4Y,Gamblang Salahudin,2024-11-02 02:08:01.790602
102,jarwa.860@pt.id,E7Zp$lIP^sBy,Jarwa Firmansyah,2025-04-26 22:59:17.496806
103,r..352@perum.desa.id,%Zy0_)n0KOLq,"R. Ade Hartati, M.Pd",2025-05-22 16:01:57.680055
104,julia.728@pt.co.id,#6x9)NuY8B(i,"Julia Sitompul, S.Pt",2024-12-08 17:17:56.920828
105,dr..334@perum.net,xk11_Cns)%Z(,dr. Cager Permata,2024-10-13 00:11:51.625531
106,sutan.75@pd.mil,9t)OWa)yng3N,"Sutan Arta Laksita, S.Psi",2024-10-02 05:45:19.005206
107,bakianto.545@pt.desa.id,7DaIw*xafx0#,"Bakianto Firmansyah, S.T.",2025-05-11 13:03:49.574242
108,sutan.751@pd.int,#rrUyggfR6nD,"Sutan Rosman Laksita, M.Farm",2025-02-01 22:06:10.739825
109,shakila.213@cv.sch.id,Bwb08+Un_f5@,Shakila Siregar,2025-06-07 18:20:37.536306
110,gamani.809@ud.edu,@oc4n8ds8&8Q,Gamani Saputra,2024-08-22 03:19:54.393524
111,capa.356@pd.ac.id,@YB(NPwnw8yi,Capa Sitompul,2025-01-20 12:58:54.718147
112,zulfa.905@perum.go.id,@zg7Gofe!6kD,Zulfa Yuniar,2024-07-19 11:22:22.546932
113,tri.242@ud.mil.id,(Nfu3SmlmSk^,Tri Dabukke,2024-07-25 19:29:01.165650
114,luwes.87@pd.gov,W*YrIIyfX@K1,Luwes Prasetyo,2024-07-01 05:54:44.415360
115,r..73@pd.go.id,$!6uLcgisdWu,"R. Nurul Januar, S.T.",2025-02-19 02:00:12.745347
116,prayoga.230@perum.com,&7Z5d)#hdGL2,Prayoga Rahmawati,2025-05-22 05:39:59.730411
117,sutan.122@pd.org,)&IT7NEpx0@N,"Sutan Rendy Samosir, M.Ak",2024-11-08 09:10:30.374234
118,makuta.81@pd.web.id,$F34cUUfjq7%,"Makuta Firgantoro, M.TI.",2024-07-29 23:36:00.587983
119,nurul.529@perum.biz.id,31CvdvJR(Tj8,Nurul Waluyo,2024-08-13 04:06:42.508901
120,nilam.388@pt.org,Xn0b)iOFb&Nd,Nilam Pertiwi,2025-03-18 09:43:23.301340
121,calista.684@pd.org,jyoSiLLX^C5(,Calista Rahayu,2025-03-11 07:30:42.600434
122,jaka.496@ud.com,f+r5g701UJ4L,Jaka Wacana,2025-02-25 20:37:24.095076
123,dina.774@cv.desa.id,Sh8YWoajd@3H,Dina Usamah,2024-11-17 02:34:07.699058
124,tgk..979@ud.net,!6wqCAam&7a5,Tgk. Alika Prabowo,2024-09-14 00:28:27.873548
125,ir..637@pt.mil.id,*9zcZTQn(52u,Ir. Vanya Laksmiwati,2024-11-12 03:14:03.030660
126,raisa.845@pt.my.id,&1SN2E4$VEn1,Raisa Utami,2024-07-25 04:30:48.877665
127,drg..731@perum.or.id,Z34J0W!tYY_5,drg. Farhunnisa Rahimah,2024-10-18 09:33:02.366171
128,hj..682@cv.ponpes.id,(v%j@QVA%9sL,Hj. Cici Budiyanto,2024-12-03 23:21:53.786017
129,saadat.364@perum.ponpes.id,f%37ZLFmqGde,Saadat Widiastuti,2024-10-15 23:40:52.565669
130,ir..43@cv.web.id,T&dUV^ogA!6B,"Ir. Rizki Wasita, S.Sos",2025-04-13 01:56:51.633945
131,puput.873@pd.co.id,#@8JTuOK+pxt,Puput Safitri,2024-10-15 14:14:11.777257
132,gabriella.996@cv.web.id,%e1l@BvNw@hr,Gabriella Haryanti,2024-11-17 21:45:16.694985
133,kh..189@pd.com,oj2Zlu^g%8wM,"KH. Jaka Rahimah, M.TI.",2024-09-28 16:38:51.523495
134,r..105@ud.mil.id,_083FXclp(AA,R. Winda Puspasari,2025-01-01 21:59:01.395358
135,raharja.668@pd.desa.id,)rF2vaqg+7HZ,Raharja Suwarno,2025-05-05 12:39:14.242981
136,nasrullah.376@pt.ac.id,H*D0XlH*N3qS,Nasrullah Mustofa,2024-09-02 00:46:01.431310
137,ghaliyati.579@pt.sch.id,Fr)5JMsVOC7q,Ghaliyati Maheswara,2025-03-19 06:10:52.602911
138,ganep.687@pt.biz.id,dOJ+2DKyoeBf,"Ganep Rahayu, M.Farm",2024-12-10 13:02:57.295530
139,digdaya.939@pt.edu,Zy#GMbWD)@29,Digdaya Wijayanti,2024-12-26 02:22:25.633494
140,warsita.197@perum.org,@OMpVEj)1Z7i,Warsita Nasyidah,2025-05-01 04:41:08.457743
141,cut.570@pd.net,&G61Djx*#m&a,Cut Kamaria Megantara,2024-07-09 23:57:12.081236
142,dewi.768@pt.biz.id,%!%M5*Tl5A++,Dewi Wacana,2024-10-17 03:42:40.978045
143,viman.284@pt.mil.id,o9JyG4Cr*mSO,Viman Halimah,2025-01-23 15:46:26.362590
144,irfan.45@ud.my.id,D2rLtq)z#vEo,Irfan Natsir,2024-08-18 12:08:11.163567
145,tgk..318@ud.id,G&WWoJ%*&36L,Tgk. Maras Saptono,2024-07-04 03:43:39.780545
146,tiara.103@perum.ac.id,C!E+Cpm877bz,"Tiara Maryati, M.M.",2024-08-23 03:04:35.629182
147,t..225@perum.int,n$+6Qd1jq_ZR,"T. Caket Nasyidah, S.T.",2025-04-23 23:35:40.847557
148,mursita.515@pd.net,$H6TKPLiHN2Y,Mursita Prastuti,2024-08-15 23:46:58.893955
149,tgk..649@pt.ponpes.id,s&0Q2Jxbj$0O,"Tgk. Mahmud Mangunsong, S.I.Kom",2025-06-27 14:47:52.549638
150,raina.778@ud.sch.id,7bX%2Ql%&j^M,Raina Andriani,2024-09-08 03:15:40.004652
151,t..28@perum.mil.id,tmE^v+8$M7rp,T. Balapati Palastri,2025-04-28 02:36:22.929586
152,eko.26@perum.id,aZI^ACtE6pGX,Eko Siregar,2024-12-12 12:47:39.334415
153,drs..708@pt.id,%Lbj9DTlE1FO,"Drs. Ghaliyati Budiman, M.Kom.",2024-12-12 09:58:15.127931
154,kania.884@perum.gov,9Fo7mQqnm@@O,Kania Ardianto,2025-01-20 19:45:26.796831
155,rini.921@perum.mil,6Z%^5qoA*3qC,Rini Wibowo,2025-03-10 12:07:07.894623
156,drg..379@perum.ponpes.id,_&$Mxfw#8wDH,drg. Cornelia Nuraini,2025-04-16 00:58:37.395068
157,yani.906@pt.or.id,p!G2*aE_NZ6&,Yani Marpaung,2024-12-04 05:43:50.664840
158,puti.896@ud.desa.id,_1sngilrA1XD,"Puti Usyi Ramadan, M.M.",2024-12-05 08:34:53.654059
159,sarah.299@pd.org,3UBR@dEu*bWO,Sarah Hasanah,2025-03-09 20:56:50.996627
160,akarsana.118@pt.org,n5)_3uMbY!zt,Akarsana Sinaga,2024-09-08 07:39:33.102512
161,reksa.843@pd.co.id,uS5Q6Mly#3%T,Reksa Farida,2025-01-20 15:27:14.297791
162,umar.903@ud.com,A!Ca25Ww5lQU,Umar Napitupulu,2024-07-17 00:59:11.641525
163,tedi.999@pt.or.id,E84Zvg$E@@lz,Tedi Prastuti,2024-10-27 02:16:22.718785
164,kambali.240@perum.ponpes.id,U!(2C87e6k9I,Kambali Wulandari,2024-07-15 06:49:59.164386
165,sarah.891@ud.gov,_&hATLMyfUo8,Sarah Maulana,2025-06-02 05:33:06.711742
166,genta.388@ud.my.id,9+mD^ToT_!4^,"Genta Anggriawan, M.M.",2025-05-31 06:59:58.328198
167,dt..536@ud.my.id,b8zw@Id!_e7w,Dt. Cakrajiya Firgantoro,2024-10-27 22:30:55.431718
168,yulia.120@ud.desa.id,+HkBRoDO(6^J,Yulia Budiyanto,2025-03-19 15:38:53.528832
169,puti.160@perum.ponpes.id,s*8$3UXh*4AD,Puti Gawati Suryatmi,2025-03-30 00:43:01.396631
170,kunthara.123@pt.ponpes.id,X@rLaN_lFI6t,Kunthara Utami,2024-09-30 11:33:26.791960
171,ratna.254@pd.mil,q5L&vNtT*mvG,Ratna Damanik,2024-07-01 04:07:41.697633
172,jatmiko.543@pd.net.id,y7GvjTFN*fWX,Jatmiko Oktaviani,2024-09-09 22:22:52.414515
173,tina.242@perum.sch.id,+0c5df^_f+JU,Tina Lestari,2025-03-14 08:54:05.006388
174,ayu.949@pd.com,R$2wXrEp#h2e,Ayu Kurniawan,2025-03-28 17:01:13.933643
175,hendra.664@ud.ponpes.id,z4jeDDtR&q5a,Hendra Padmasari,2025-04-30 20:17:15.297496
176,sutan.120@pt.org,!VrCrIhm*G7B,"Sutan Ibrani Adriansyah, S.Sos",2025-01-11 07:08:45.384917
177,hamima.414@perum.com,B!6^XQsw$E!B,Hamima Susanti,2025-02-02 04:40:53.640425
178,siti.881@perum.or.id,k&NBgL^hKX58,"Siti Anggriawan, S.Psi",2024-07-16 13:58:46.016197
179,t..141@pd.go.id,Rx(9ttXx+@5!,"T. Ajiono Suryono, M.Ak",2024-11-21 05:53:13.112779
180,galang.968@perum.sch.id,QP9Hq&tw^aVI,Galang Saputra,2025-03-07 14:34:36.704566
181,salimah.141@pd.mil.id,%L(ETp@$iKH8,Salimah Namaga,2024-11-13 05:34:37.359098
182,setya.253@perum.gov,B!9UTiSsi*JQ,Setya Uwais,2024-07-23 09:25:39.907713
183,rini.754@ud.web.id,(nT6IABC2L)I,"Rini Puspita, M.Kom.",2025-02-15 10:21:31.221492
184,ajiono.125@pt.mil,+1Z@f&wfnFEo,"Ajiono Adriansyah, S.Pt",2025-01-27 10:19:42.141215
185,cornelia.935@ud.int,y*6O7XHgqMrn,Cornelia Rahmawati,2024-08-13 08:10:22.739496
186,wisnu.856@pd.biz.id,pjmr3GDe)4_1,Wisnu Ardianto,2025-05-17 23:35:33.202700
187,titin.827@cv.ac.id,%#xuXba8&Y4L,"Titin Utama, S.E.",2025-06-14 01:50:22.250398
188,harjasa.299@ud.desa.id,@3*8pNueM+Gk,Harjasa Wibowo,2024-08-22 22:29:03.094142
189,julia.280@cv.gov,n3WaxC*X%tfh,Julia Januar,2025-01-13 00:21:12.479284
190,shakila.833@perum.desa.id,(1Oz)^C+YyPy,Shakila Prabowo,2024-07-27 15:46:59.634786
191,balidin.885@pd.web.id,$2z2DFrchsZ5,"Balidin Oktaviani, M.Farm",2024-12-16 19:33:37.864424
192,lurhur.410@pt.go.id,*U0M_A9i(^ql,Lurhur Usada,2025-02-21 19:32:08.885635
193,aisyah.684@cv.my.id,+8^fGnWEK@#),Aisyah Hastuti,2025-03-17 15:55:53.077653
194,artawan.392@cv.go.id,XC+0lAweK_79,Artawan Uwais,2025-04-30 07:50:53.086231
195,umar.420@ud.co.id,6Bi@W0Sp+V7C,Umar Wastuti,2025-05-16 20:36:40.568253
196,cinta.621@pt.biz.id,&0GjPTzxG1vr,Cinta Sihombing,2024-08-16 05:52:46.559026
197,dr..409@ud.ponpes.id,+51$Xgveg6OM,Dr. Tami Firmansyah,2024-09-19 09:26:44.369359
198,mila.508@pd.net,Ee17PxEfLW%),Mila Nasyidah,2024-08-07 02:40:59.043933
199,dr..241@perum.gov,IdJgA+F5+5la,"Dr. Hadi Maryati, S.Gz",2025-06-23 20:10:14.651428
200,septi.539@perum.web.id,$P88Yn(qHjAK,Septi Padmasari,2024-11-01 08:31:05.528839
201,zalindra.791@perum.web.id,85UH9ZkV+0CP,"Zalindra Agustina, M.Kom.",2024-08-06 15:38:07.029649
202,martaka.718@ud.com,Ni#0fx$H$fhI,Martaka Siregar,2024-10-20 18:07:03.940550
203,dt..903@cv.mil,4p3ZL*eQG_l4,Dt. Rafid Januar,2025-05-02 11:58:56.475126
204,bala.223@ud.co.id,07(e(pih)Lu3,"Bala Suryono, M.Farm",2025-03-20 23:54:07.715830
205,empluk.524@cv.web.id,nMmpYjeaY@)6,Empluk Tarihoran,2025-02-14 07:14:17.561696
206,galih.104@cv.gov,Q(AL7MTc4hA0,Galih Rahayu,2025-02-21 17:48:58.836635
207,sutan.909@perum.int,AX8wP(%uD#4Y,"Sutan Muni Oktaviani, S.IP",2025-01-13 00:31:13.540561
208,h..995@ud.net.id,Yy7OTmtk!u1(,H. Cahyanto Manullang,2025-05-13 00:32:04.829232
209,nilam.920@pt.desa.id,#7IpbH!hY$Va,Nilam Irawan,2025-05-09 13:42:28.459079
210,makara.869@pd.mil.id,idNyAyd7$pR7,Makara Mulyani,2024-11-09 20:30:21.463700
211,ina.385@pd.edu,@A2D$hn5KMPA,"Ina Lazuardi, S.Kom",2025-05-29 08:48:43.155869
212,usyi.771@ud.net,P^3q0i!BC^YY,Usyi Waskita,2025-06-20 21:11:43.444266
213,kemal.664@perum.mil,)b6V)AzsT9gK,Kemal Pranowo,2025-04-19 18:03:43.493691
214,drs..576@cv.sch.id,WJR2FfM0^1V^,"Drs. Dinda Nasyidah, S.Pd",2024-10-21 02:58:46.548349
215,sutan.259@pt.web.id,!V77CxJubQCI,"Sutan Kenes Budiman, M.Kom.",2024-07-15 14:34:47.589892
216,wadi.216@pd.com,Q&$*%h+i)#3J,Wadi Latupono,2025-06-03 03:58:51.947852
217,r.m..405@pt.biz.id,*R3ChTsu^6yT,"R.M. Prasetya Wastuti, S.Sos",2024-09-09 23:44:05.126765
218,gabriella.461@perum.net.id,*tWN9CpCR+66,Gabriella Saputra,2025-03-06 00:03:20.578060
219,hartana.463@pd.my.id,EuhB6B%EW@v7,Hartana Hasanah,2024-08-03 16:13:41.947179
220,taufik.616@pd.desa.id,R6MrKXnb^eWv,"Taufik Mangunsong, S.Farm",2025-06-09 03:40:13.852967
221,dirja.713@pd.id,pqPD*6XrGH9O,Dirja Ardianto,2025-01-13 19:35:00.922570
222,edi.47@pt.desa.id,7(+!GUmCr+0i,Edi Winarno,2025-06-10 17:11:53.766353
223,asirwanda.239@pt.web.id,@#o45mrN4B@C,Asirwanda Nasyidah,2025-01-21 18:07:35.582911
224,r.m..846@perum.desa.id,HNO4UzJmAw^G,"R.M. Naradi Lailasari, S.T.",2024-11-06 15:30:01.929704
225,luluh.300@perum.mil,e2Pn*3Zz1q(O,"Luluh Safitri, S.Pt",2025-05-22 04:21:54.055257
226,mumpuni.885@cv.web.id,GP3zIEjtd&E%,Mumpuni Suryatmi,2025-02-28 07:11:38.638256
227,r.a..576@cv.sch.id,R^&92NUtth6B,R.A. Kayla Dongoran,2025-05-20 03:09:20.792946
228,devi.518@perum.or.id,+CF9aGv$arJ7,Devi Wijayanti,2025-06-06 15:42:57.015349
229,agnes.755@ud.my.id,d2i6_8Uf1p)@,Agnes Utami,2024-07-01 00:51:29.949155
230,makara.395@pd.com,cpBpnWCwO^9M,Makara Ramadan,2024-08-09 15:50:45.768001
231,daru.935@pt.id,@p5Qpu)!52E2,Daru Wahyuni,2025-04-01 03:23:02.869506
232,ana.861@ud.go.id,+N5KEw_KnzVU,Ana Prabowo,2024-09-19 17:03:34.183043
233,drs..805@ud.mil,g@w63!on4YOS,Drs. Surya Suryatmi,2025-06-02 08:12:57.352302
234,rika.457@pd.edu,_#^VYiVTlj9e,Rika Novitasari,2024-08-28 12:31:31.739013
235,kh..635@perum.desa.id,M42(vQYs%lZV,KH. Labuh Halim,2025-01-15 10:58:10.520547
236,widya.117@cv.web.id,SxE6gTnR*w#0,Widya Firgantoro,2024-07-25 06:32:13.221466
237,dt..874@perum.biz.id,@MOLntsn@p00,"Dt. Gantar Hidayanto, S.E.I",2024-11-03 03:45:35.081895
238,tgk..223@cv.desa.id,@sS4PlrF3gd5,"Tgk. Tira Purnawati, S.Pd",2024-10-08 13:26:46.248184
239,mulyanto.939@pt.net,0(MZUqG&&@5F,"Mulyanto Anggraini, M.Kom.",2025-01-23 12:51:01.914033
240,jane.282@pd.mil,V3qoL!ppa@86,Jane Suwarno,2024-12-21 08:01:54.950798
241,tiara.4@perum.mil.id,UYU8s2Lzd$wA,"Tiara Hartati, S.T.",2025-01-28 14:01:02.375336
242,danu.579@perum.com,&*dsGnpAx8UZ,"Danu Nugroho, S.I.Kom",2025-04-02 04:41:09.781514
243,jindra.13@pd.int,UNc1NYq@*8zL,Jindra Maulana,2024-12-23 10:17:01.053344
244,drg..444@ud.com,p5Cd8G%(#qTQ,"drg. Karna Maulana, S.T.",2025-02-06 21:06:45.360276
245,kh..621@pt.org,%ElLYMrK53xY,"KH. Bakiono Firmansyah, S.H.",2024-10-07 00:38:12.479337
246,ifa.423@cv.gov,nzYCTn_)#E3R,"Ifa Sinaga, S.Farm",2024-12-02 18:13:10.369956
247,taufan.989@pd.com,m67Evg#y@aHn,Taufan Siregar,2024-10-21 17:56:58.821120
248,betania.225@cv.org,_5God(Hk#@CB,"Betania Utama, S.E.I",2024-10-24 18:27:12.775823
249,padma.409@pt.mil.id,7(6Ma+)Pr_Il,Padma Uyainah,2024-07-18 21:16:04.079633
250,dt..445@pt.id,%3)2lq2*#ZCu,Dt. Ajimin Sitorus,2024-11-19 17:50:36.641983
251,dr..813@pd.net.id,1tZD5$sd!TU),"Dr. Vanesa Rahimah, S.E.I",2024-08-28 22:14:25.262297
252,nova.87@cv.mil.id,RP%3YwQvJFwc,Nova Halimah,2025-04-25 17:51:17.150921
253,dr..115@perum.sch.id,R#1_+*sEEgzS,Dr. Calista Puspasari,2024-10-01 17:12:21.087344
254,vanya.736@ud.or.id,&QLNnv$46RWY,"Vanya Wibisono, S.E.I",2025-06-03 11:36:11.252249
255,ibrahim.687@pt.gov,!3SJojHgv_K8,"Ibrahim Mansur, S.Psi",2025-01-25 03:50:08.495978
256,drg..622@ud.or.id,6bW*0hFW9)9J,drg. Karimah Yulianti,2025-02-03 20:42:38.750049
257,cornelia.331@pd.net,JpQdXbe^(14K,Cornelia Agustina,2025-04-11 18:18:58.161962
258,ellis.797@ud.or.id,!8Oo0^h+^tAa,Ellis Sirait,2024-10-04 08:34:50.376136
259,purwadi.286@ud.net.id,(1Ug6Wc&Il2G,Purwadi Mulyani,2025-06-10 08:32:32.738665
260,sutan.245@ud.net,_aDNfOIQq1SW,Sutan Uda Siregar,2025-03-27 13:24:03.507177
261,emin.274@pd.co.id,^BCxd_amA!3D,Emin Mangunsong,2024-09-21 00:35:35.567637
262,drs..160@cv.net,^HU1RScf+&5X,Drs. Makuta Nasyidah,2025-05-09 10:11:55.310440
263,yessi.972@pt.ac.id,ovBtyMEmM+0U,Yessi Anggraini,2025-04-13 11:56:21.878906
264,ophelia.871@perum.org,w3Go5Egl_pl(,Ophelia Zulkarnain,2024-07-27 08:30:03.444617
265,wardi.407@pt.mil,(5daXcTHhvDX,Wardi Jailani,2025-02-07 05:18:43.436813
266,titin.318@pt.com,f5Cs)Xlr%ZBj,Titin Nasyiah,2024-12-25 04:04:26.332252
267,cagak.332@perum.ac.id,O%zwUVpDlg)7,Cagak Nuraini,2024-09-23 05:14:21.321646
268,h..830@cv.ac.id,q+4^D3t9dc82,H. Cager Halim,2025-04-17 09:21:30.381015
269,tgk..796@pd.edu,#_kR(u*09SS8,Tgk. Ilyas Samosir,2024-09-21 02:25:26.038841
270,farah.263@cv.desa.id,7P1ZMeD)&n8r,Farah Napitupulu,2024-08-25 21:52:40.130525
271,maimunah.888@pt.edu,dh6RvNZe(&91,Maimunah Mayasari,2025-01-24 00:31:17.386971
272,lukman.808@ud.int,$VZHxgGf5!y#,Lukman Sitompul,2024-11-03 14:18:18.872006
273,dr..72@pd.int,ruZ60d)v)m9H,"Dr. Caraka Permata, S.IP",2024-09-02 10:56:57.707358
274,rini.294@perum.net.id,Xe9EwC#i$G@A,Rini Hariyah,2024-10-16 08:17:51.836580
275,dr..820@cv.int,T3qvmjyy$13H,"Dr. Iriana Hutagalung, S.Kom",2025-04-16 16:29:23.137221
276,ozy.212@ud.desa.id,Vi7e!Y5j%4KD,Ozy Wahyuni,2025-03-26 17:02:14.130746
277,laila.991@pt.edu,kjxFAoHfj_3s,Laila Ardianto,2024-07-17 09:57:25.575158
278,enteng.828@perum.go.id,#7XfoXhNiucl,"Enteng Sirait, S.E.",2024-11-29 04:07:50.306284
279,ade.732@pt.mil.id,61l00@Kc(_fq,Ade Handayani,2024-08-05 13:11:41.341745
280,kawaca.276@pd.ac.id,Xu2SGuTpD#%U,Kawaca Winarno,2024-08-20 11:38:34.088923
281,rika.631@pt.org,^@4CVynq&Q87,"Rika Sudiati, S.Pt",2024-12-31 21:59:33.124910
282,lala.243@perum.my.id,xmKywPPG*0T&,Lala Thamrin,2025-06-16 09:42:52.072063
283,kamaria.190@cv.web.id,YRIuykew+0tT,"Kamaria Haryanto, S.Ked",2025-01-03 12:40:02.516917
284,jasmin.515@pd.net.id,O2L44bs^^eKL,Jasmin Pertiwi,2025-03-16 12:03:26.595260
285,carub.217@cv.int,)5DIthK)M2$H,Carub Kurniawan,2025-01-09 05:51:35.911000
286,wisnu.468@pt.co.id,I*HWiHTF&8gq,Wisnu Padmasari,2024-11-11 08:44:21.635148
287,genta.863@pt.net.id,jSzq!!Tj!UT8,Genta Kusmawati,2024-09-25 03:05:42.423752
288,gabriella.505@cv.int,6VVMo4gK)Y7e,Gabriella Ardianto,2025-02-23 01:59:38.392107
289,bajragin.37@pt.co.id,55!MSRMm(TT#,Bajragin Pratiwi,2025-03-30 03:26:08.427966
290,drg..383@cv.ac.id,Z(7dFFEdV@KI,"drg. Olivia Prayoga, S.E.",2024-11-13 01:03:58.703217
291,ir..21@pd.net,fa^nZh6_Ny(3,Ir. Garan Hutasoit,2024-10-04 02:25:57.023394
292,oni.351@pd.ac.id,Z4kIDib%+vFg,"Oni Irawan, M.Kom.",2025-03-27 15:58:04.634756
293,maryadi.338@cv.int,_xl03Fdny#y5,Maryadi Oktaviani,2025-04-19 05:39:32.877710
294,sari.344@pd.sch.id,@ke2Us@Y$5%(,"Sari Aryani, S.Ked",2024-08-05 21:06:34.890629
295,hairyanto.569@pt.gov,c(ULNGkw%e4Q,Hairyanto Hardiansyah,2025-03-21 12:14:53.044023
296,lintang.408@pd.gov,#FsTza+P1s2L,Lintang Oktaviani,2025-04-17 18:55:08.453790
297,adinata.973@ud.org,1#UKUb1j!X7_,Adinata Haryanto,2024-11-11 22:54:52.580667
298,dr..398@cv.edu,wYd00Bg&K*Ny,Dr. Indra Prakasa,2025-03-28 16:48:25.515177
299,t..284@cv.edu,(HOAlq8Y6PDg,"T. Heryanto Januar, S.Pd",2025-03-07 10:13:50.641327
300,dr..434@perum.biz.id,H(Jnf36c*7N(,dr. Bakiman Saragih,2024-11-21 06:20:56.538995
301,eli.952@ud.edu,$j3B8CAZ6^TG,Eli Prabowo,2025-05-25 09:44:50.354766
302,eko.277@perum.mil.id,75xz!LKm)&8G,Eko Latupono,2025-06-07 06:51:04.296876
303,himawan.123@pt.go.id,(gJG8x04)*5&,Himawan Wijaya,2024-08-25 00:09:20.171423
304,darmaji.440@cv.net,&7EjXdLnQCmc,Darmaji Widiastuti,2025-02-16 23:00:20.096819
305,drg..899@pt.or.id,0!S)kMIho%6K,"drg. Mumpuni Lestari, M.Kom.",2024-08-05 03:48:12.301868
306,kayla.455@pt.or.id,&7OIjva71hI_,Kayla Fujiati,2024-08-26 10:01:10.755028
307,tgk..322@ud.gov,GiVU(kpKpu8&,Tgk. Ghaliyati Permadi,2024-09-09 02:21:52.181581
308,lili.587@pd.mil,(hJXG&uzax0l,Lili Prastuti,2025-06-06 08:50:14.822951
309,taufik.626@pd.org,)nf5cyUtZ@@@,Taufik Palastri,2024-07-23 15:58:30.425700
310,bakiono.584@pt.edu,J@gxh7Bj_i7P,Bakiono Tarihoran,2025-01-03 21:23:39.204782
311,patricia.792@perum.my.id,bdUn6Spv*60m,Patricia Simanjuntak,2024-08-20 23:06:52.762586
312,ophelia.670@cv.edu,5jp9Px$*%tk@,"Ophelia Farida, M.M.",2025-05-20 01:12:45.154199
313,praba.145@cv.org,9JnKsON5B0w&,Praba Pratama,2025-03-02 16:32:19.943799
314,salimah.724@perum.web.id,!aj7#yMkJTfA,"Salimah Hariyah, M.TI.",2024-07-04 19:48:32.413354
315,elvin.847@cv.ac.id,vioCkPEkk*8v,Elvin Salahudin,2024-07-27 07:53:24.890530
316,lili.15@pd.ponpes.id,^jYi9HK*1CQq,Lili Fujiati,2024-10-03 19:04:21.223336
317,arta.874@pd.ac.id,4$B0Go!w)7Fs,Arta Budiman,2025-03-10 21:09:33.323081
318,bambang.692@perum.ac.id,7@sfde#)(6ZS,Bambang Maheswara,2024-07-23 06:37:42.078181
319,arta.984@perum.co.id,Rl@evSvR!yL8,Arta Wijaya,2024-10-22 15:38:24.629812
320,jayadi.683@ud.mil,)HH6iGqZq6RI,Jayadi Lailasari,2024-07-03 22:19:07.369668
321,indra.278@perum.or.id,^^Kw6HkJDu8L,Indra Permata,2025-03-14 05:19:57.203799
322,okta.899@perum.or.id,*6$Ow4pFCbOI,"Okta Hartati, S.I.Kom",2024-07-06 23:33:34.544642
323,zelaya.9@cv.desa.id,j__9KEdoOfK5,Zelaya Nuraini,2024-11-05 05:19:20.520897
324,puji.661@perum.or.id,Lx(5(U6mJS^N,Puji Hutagalung,2024-08-27 11:19:47.759520
325,dr..686@pd.net.id,_7_FShp_D8jC,Dr. Lanjar Lailasari,2024-09-30 12:19:44.713004
326,cut.443@pd.edu,kAr7vJ3eG@vI,"Cut Belinda Pangestu, S.Psi",2025-01-11 19:27:38.477415
327,harsana.894@ud.com,(H5SqYMv(8D*,Harsana Simanjuntak,2025-06-14 21:39:54.884527
328,nasrullah.154@pd.mil,^#jKO4vwJ5Ss,Nasrullah Pratiwi,2025-03-25 07:02:51.752734
329,tgk..472@pd.go.id,Dsn)aF97V!3P,Tgk. Diah Laksita,2024-08-27 19:39:03.118143
330,r..914@pt.net.id,Me1xAG75F@zu,R. Gantar Rajasa,2025-04-28 08:28:22.298782
331,anita.429@ud.net.id,2$)pp+zw&&JZ,Anita Mardhiyah,2024-12-19 05:32:26.834986
332,ani.119@ud.mil.id,eA37T(HvX@k8,Ani Anggriawan,2024-08-26 13:30:35.431070
333,tiara.574@cv.desa.id,_c6*XrzBG3+W,"Tiara Handayani, S.Gz",2024-06-29 12:05:13.678489
334,mahdi.966@perum.ponpes.id,%X6mQlChL)yC,Mahdi Kurniawan,2025-04-07 13:44:33.524929
335,kalim.396@cv.or.id,3M17FVpJ^kt4,Kalim Najmudin,2024-11-18 04:10:13.622547
336,ghani.151@pt.int,n8cJg^cM(ug!,Ghani Marpaung,2024-10-22 13:02:47.103725
337,marsito.256@ud.com,_px)thAO9PWv,Marsito Winarsih,2025-05-08 14:23:05.476853
338,zelda.920@cv.id,vv%QYJsj+4HL,Zelda Ardianto,2025-01-04 15:30:00.649618
339,nugraha.377@pt.or.id,f34Lyh&bB1w!,Nugraha Budiyanto,2025-03-14 21:21:05.033107
340,dodo.289@perum.co.id,Jx6drAVbj^)L,Dodo Kusmawati,2025-05-24 16:57:46.125051
341,puspa.871@cv.id,v^T1p2reaIc6,Puspa Fujiati,2025-01-16 03:50:19.858623
342,irsad.671@pt.gov,&ho3U_ltH2+G,Irsad Prasetya,2024-10-23 11:24:54.880551
343,uchita.411@cv.or.id,^Ez0Ytie7)qV,Uchita Permadi,2025-06-10 16:42:19.086622
344,hj..693@cv.gov,ZE%J8rRmYTJ%,Hj. Rini Januar,2024-09-07 01:22:48.476485
345,drg..518@ud.or.id,tNbp%ce$_Q3H,drg. Lukita Gunawan,2024-10-23 18:04:13.760430
346,kasim.690@ud.my.id,AL_2BbmOg*$h,Kasim Hutapea,2024-12-29 00:26:53.409001
347,kenzie.330@perum.ac.id,^01sMXHm)4Y1,Kenzie Wasita,2024-12-09 22:47:36.327180
348,latika.504@ud.my.id,6^F_4vmR+dvt,"Latika Hutasoit, S.H.",2024-12-06 15:05:47.252675
349,yessi.507@pd.gov,(Sn8LaZjU_@W,Yessi Prasetyo,2025-04-02 23:46:02.070850
350,asmianto.352@ud.my.id,Ad5@DoMao+KX,Asmianto Wibisono,2025-06-07 11:01:24.262600
351,sutan.621@pd.id,e9LOm)Kc#2Gj,"Sutan Jaya Maheswara, S.Gz",2024-09-05 08:30:10.490746
352,salimah.329@ud.gov,NJE$vC9O)&3(,Salimah Natsir,2024-10-30 02:33:58.206666
353,kh..83@pt.mil.id,FAS(Vxzaztr2,"KH. Opan Putra, M.TI.",2025-03-27 18:37:23.664051
354,gabriella.599@ud.org,tm9h8HO$)gOM,"Gabriella Marbun, M.Farm",2025-04-30 05:50:39.551120
355,galih.124@perum.org,cCUk3z4h2@7^,Galih Saefullah,2024-11-24 10:51:17.777382
356,zaenab.976@ud.mil.id,+PRdEPXhrut1,Zaenab Sinaga,2025-02-28 21:48:39.059243
357,maria.362@cv.sch.id,6ju6BVfr1!r^,Maria Utami,2024-11-16 10:55:58.983272
358,ajimat.238@perum.ac.id,I0e5ixFo%*48,Ajimat Widiastuti,2025-03-17 06:46:27.839842
359,mahesa.131@ud.or.id,$DzRzs0s9fjE,Mahesa Usamah,2024-07-07 09:59:24.016699
360,dipa.728@cv.or.id,_wBRaX@7o9Cd,Dipa Sihotang,2024-12-28 17:55:21.382249
361,drs..292@ud.org,JLA+Zpz!Q&G5,"Drs. Ella Wahyuni, S.Kom",2024-11-09 04:25:45.588174
362,jamal.844@perum.or.id,^&Vu40PdHO$&,Jamal Jailani,2024-11-19 16:38:34.192697
363,raharja.989@pt.mil,C0X_XUw@Cp^X,Raharja Lailasari,2025-05-22 20:37:31.376734
364,tgk..998@ud.ac.id,&lO4FLPf2*Bq,Tgk. Tari Sihombing,2025-06-22 23:20:16.481030
365,ir..41@pt.net.id,4mSEc8Ka#Vn%,Ir. Nardi Lazuardi,2024-08-08 07:46:48.983528
366,dr..675@cv.mil,1suLP0z%*27!,Dr. Nilam Aryani,2025-02-13 13:52:55.758740
367,warta.738@ud.org,wWXxzcwA_(A5,Warta Astuti,2024-10-10 11:56:30.909029
368,dr..453@pd.desa.id,+ak^j1Zcdv*U,"Dr. Praba Sitorus, S.H.",2024-08-25 14:57:44.422914
369,tiara.717@cv.desa.id,*0CrowdTE01f,Tiara Firmansyah,2025-03-02 00:24:09.975986
370,tira.162@pd.int,)G2aigHj1yUx,Tira Sinaga,2025-02-10 05:54:40.227790
371,kartika.135@pd.biz.id,zdui^Czkql_9,Kartika Kusmawati,2025-03-13 09:48:12.278156
372,kh..643@pd.mil.id,w2GaU5yc%U2p,KH. Luhung Widiastuti,2024-10-17 05:30:44.691041
373,mursinin.919@pd.id,q%7VdPEal4%5,Mursinin Oktaviani,2025-02-16 16:04:43.011279
374,liman.754@pt.ponpes.id,4vq1nf!%(6ND,"Liman Sinaga, M.Ak",2025-05-18 12:27:58.897041
375,mala.102@perum.ac.id,3b*$cG^M!RRa,Mala Mayasari,2025-04-26 07:54:13.472311
376,jatmiko.518@cv.edu,5Z9uOWl7*TRO,Jatmiko Setiawan,2025-06-18 06:17:19.756635
377,dwi.789@cv.net.id,YpHCatoURd3&,Dwi Rajasa,2024-12-19 23:20:54.775512
378,ratna.428@perum.net,%37KE*b+!4hx,Ratna Rahimah,2024-06-27 21:13:50.322973
379,wahyu.950@perum.org,uQLZ^jsm$b3E,Wahyu Mahendra,2024-10-05 20:24:48.195310
380,banawi.960@cv.int,$WKHZOnJ2E1D,Banawi Lazuardi,2025-04-11 11:09:48.114829
381,eva.431@ud.ponpes.id,J*LPBYWxRH0z,Eva Samosir,2024-07-13 21:27:34.954360
382,sutan.34@pd.my.id,&7il%lI!NYWE,Sutan Baktianto Situmorang,2024-07-22 00:40:34.516910
383,luis.462@cv.com,+lSQ*a3Zv+2r,Luis Adriansyah,2024-11-26 11:16:04.812951
384,ir..77@pt.gov,^FbTx2VjDLDo,Ir. Gamblang Puspasari,2024-12-25 23:11:05.770923
385,maryadi.962@pd.desa.id,1wVXBFcR(X$0,Maryadi Nasyiah,2025-03-27 17:58:14.272137
386,humaira.538@ud.int,+c3VujDJyD6^,Humaira Prasasta,2024-09-16 02:40:39.731403
387,tgk..519@pt.web.id,^4ZQsRIJfvac,Tgk. Mitra Rahmawati,2024-07-08 04:14:44.821707
388,sutan.595@pt.biz.id,S3cUIz51%14U,"Sutan Rafid Waluyo, S.Pd",2024-06-29 05:35:42.827657
389,ajeng.849@pt.biz.id,i50HKogp)da(,Ajeng Prasetyo,2024-08-15 05:10:56.548363
390,irnanto.597@pd.id,C1qAM^jN$iz^,Irnanto Samosir,2024-11-14 21:09:37.344188
391,intan.797@cv.co.id,_3zeto3M#4IW,"Intan Prasasta, M.TI.",2024-09-02 12:14:23.466670
392,karen.375@ud.sch.id,pt^7Vo%Gv1tW,Karen Purwanti,2025-02-03 17:50:04.737708
393,daru.32@perum.biz.id,fwVg0ULg)Rya,Daru Prastuti,2024-12-27 17:37:30.682273
394,tgk..870@ud.gov,Rg(4Lkfd%&tI,Tgk. Luwar Suryono,2025-03-08 12:15:48.397684
395,tgk..440@perum.mil,@@Aic5hqt68J,"Tgk. Ophelia Marpaung, S.Sos",2025-01-28 08:57:04.571319
396,ir..669@pd.sch.id,3cgrVFxqJ_*0,"Ir. Ghaliyati Yolanda, S.Pd",2024-08-24 04:15:42.529360
397,budi.217@pd.edu,$^9ft@aenRqG,Budi Marbun,2024-11-03 01:43:14.114551
398,rahmi.960@cv.my.id,6WdRuSzK*8n1,Rahmi Nuraini,2024-09-14 19:33:58.275984
399,jelita.191@ud.ponpes.id,P+q3ZgeEGzVE,Jelita Kuswoyo,2025-03-07 11:47:53.907083
400,limar.140@cv.desa.id,!Y2R@tkYvZYQ,Limar Rahayu,2025-02-24 23:08:40.076452
401,tgk..934@ud.desa.id,3KBxuzOz&EFr,Tgk. Artawan Melani,2025-02-02 12:24:59.042547
402,johan.772@cv.desa.id,b4Vq@LHC57$p,Johan Hastuti,2024-11-14 01:24:29.736266
403,rachel.450@pt.gov,H!*LSrhEwQw3,"Rachel Hastuti, M.Kom.",2025-04-09 11:48:02.243541
404,gasti.136@pd.go.id,807Z9d_2)Opj,Gasti Uwais,2024-07-20 08:14:39.295117
405,puti.913@cv.sch.id,U3%nPMqq@2KJ,"Puti Salsabila Rahmawati, S.Farm",2025-02-22 05:27:46.999738
406,karna.528@ud.edu,k7c+9iOoYp2F,Karna Yuniar,2024-10-05 02:30:52.746306
407,putu.279@pd.mil.id,dvb%w%73067E,Putu Sihombing,2025-01-11 22:07:34.985599
408,bakiman.129@pd.sch.id,k&Q72fYm(Otv,"Bakiman Novitasari, M.TI.",2025-02-21 16:06:09.121447
409,r..674@cv.ac.id,*xDFxJtY70zx,"R. Nadia Firgantoro, S.H.",2025-01-14 03:22:01.947603
410,dr..859@pt.sch.id,0jMtHKwx)VC+,dr. Syahrini Prakasa,2025-04-23 17:04:10.082163
411,ir..405@ud.go.id,142C8PqAMma^,"Ir. Jayeng Hardiansyah, S.Pd",2025-03-26 00:18:27.915197
412,pia.15@pt.int,+1uU#m4PvpV0,"Pia Wastuti, M.Pd",2024-12-13 23:54:42.730833
413,cakrawala.275@ud.int,GbXk6I#uBs^Q,Cakrawala Usamah,2024-11-09 19:06:44.243255
414,yessi.292@perum.web.id,hRkNMgKt(G^4,Yessi Sitompul,2024-12-03 14:24:59.750340
415,maryadi.327@ud.net,0u19WIa&U7%Y,Maryadi Wibowo,2025-03-07 02:22:10.310532
416,dinda.211@perum.or.id,18Pg0FgTn+#o,Dinda Najmudin,2024-09-25 05:21:40.711106
417,r..311@pt.go.id,)fW9I)jdY73A,R. Hana Puspita,2025-02-13 23:42:14.331620
418,dimaz.218@ud.my.id,)Oeo7Lx_S3VZ,Dimaz Firmansyah,2025-01-18 04:43:24.560313
419,humaira.784@pd.co.id,d4@9(KhB^V4R,Humaira Mandala,2024-12-07 23:24:29.363137
420,dariati.865@pd.id,*oUSzoMEc8pO,Dariati Wasita,2025-05-14 11:51:37.076159
421,zalindra.156@perum.mil.id,&y&2V*LoItEG,Zalindra Andriani,2024-12-06 01:58:16.698941
422,janet.145@perum.int,00Z^1d6xbpJA,Janet Anggraini,2024-11-16 13:32:00.554261
423,tgk..47@pt.ponpes.id,$Ia5MEkjjZ$),"Tgk. Kadir Prabowo, S.Farm",2025-01-17 18:02:43.980745
424,harsanto.18@perum.id,(6#RIa6g6!_4,Harsanto Fujiati,2024-09-01 14:43:33.904295
425,dr..538@perum.co.id,3pUgaIjcs)8J,"Dr. Prasetya Lailasari, M.Farm",2024-10-16 04:07:56.919477
426,dr..764@pd.id,+kflFzrjI)S1,Dr. Bella Santoso,2024-10-25 18:07:11.257594
427,salsabila.831@ud.net.id,hPjBew4o(7YV,Salsabila Maryadi,2024-08-09 02:39:53.523685
428,lintang.152@pt.ponpes.id,u1AWFdXr#)Ef,Lintang Tamba,2024-10-25 11:06:33.820348
429,ir..619@pt.web.id,&9_hCj2AeSP1,Ir. Oliva Sitompul,2025-01-02 22:28:08.870488
430,estiono.994@pd.web.id,f4p_5^YO+dQw,"Estiono Mahendra, S.I.Kom",2025-01-30 08:42:06.989015
431,jelita.696@pd.net.id,3V^4gPrqv_$3,Jelita Halimah,2025-06-04 23:34:47.016085
432,dalima.929@perum.id,3dT3fdYY^scW,Dalima Palastri,2024-07-17 04:37:33.659007
433,ika.687@perum.biz.id,zR*M1JeruG3k,Ika Hastuti,2025-01-18 02:43:49.768300
434,elon.598@perum.mil.id,Wk1O7kYPO)0Q,Elon Irawan,2024-10-11 04:24:09.849161
435,prayogo.56@ud.my.id,$_RFDYsslX^4,Prayogo Siregar,2025-03-16 09:03:42.021106
436,prabowo.601@ud.ac.id,&9ZlH(U#92d4,"Prabowo Pradana, M.Ak",2024-11-25 04:19:32.246234
437,aditya.22@perum.int,WqXFB2H3!2^R,"Aditya Hartati, S.Sos",2024-11-06 03:01:16.264289
438,padmi.25@cv.web.id,3%Q!_yCe(1az,"Padmi Sitorus, S.Gz",2025-02-04 21:19:05.519305
439,r.a..728@pd.ac.id,9%EHt5Es05h),"R.A. Ella Hasanah, M.Ak",2024-09-11 13:44:02.874527
440,cahyo.681@ud.net,pcKk#*qc&4Q7,"Cahyo Nasyiah, M.Ak",2024-11-10 07:07:37.514251
441,karta.915@pt.or.id,QvwS4j9g#)1y,"Karta Maheswara, M.TI.",2024-07-21 01:13:49.549950
442,legawa.433@pt.ponpes.id,O7QCeBpx$auz,Legawa Budiman,2025-01-18 06:12:20.281046
443,lanang.325@pd.ponpes.id,rp8a*KVj0+$5,Lanang Andriani,2024-11-16 12:55:04.846513
444,cornelia.514@perum.mil.id,c8G5vkPl%0FR,Cornelia Uwais,2025-03-22 02:45:47.453154
445,danu.300@pt.net.id,cA0!5Jvwf^5&,Danu Nurdiyanti,2025-05-17 05:03:22.750598
446,mila.155@perum.org,*cP)j8C^@8Ii,Mila Pratiwi,2025-06-10 22:44:30.886610
447,cut.484@perum.my.id,_C@z1NVcizHh,"Cut Hani Yuniar, S.Kom",2025-04-28 05:46:15.696067
448,sutan.538@pt.edu,$rasB&meU8JC,"Sutan Ganjaran Setiawan, M.Ak",2025-05-22 17:10:57.160506
449,unggul.998@pt.org,tsM#kAvs@27u,Unggul Sirait,2025-02-10 17:59:48.124951
450,lurhur.578@pd.id,T)xI(EfhJ&5M,Lurhur Pratiwi,2024-11-17 08:02:43.228907
451,tiara.155@perum.id,n*hkVyCe*3SU,Tiara Namaga,2024-10-02 00:29:43.751752
452,rina.412@pt.my.id,0$Y4PTtgl_TB,Rina Setiawan,2025-06-21 04:02:31.727571
453,tgk..543@pt.or.id,#1SdR02tj4OP,"Tgk. Rama Lazuardi, S.E.I",2024-12-11 03:32:39.115003
454,oni.699@pd.int,$09IhKkT2ZtD,Oni Pratama,2025-03-22 21:29:57.498693
455,sarah.140@perum.id,_32FHyYn%y&L,Sarah Mandasari,2025-04-05 03:07:15.449234
456,oni.359@cv.com,2_cKmOsrFxJ4,"Oni Rahmawati, M.Farm",2025-02-23 20:46:37.589261
457,johan.221@cv.biz.id,@RNsuw0k4LUS,Johan Wibowo,2024-11-25 10:06:24.894392
458,bahuraksa.545@pt.sch.id,(7S4f1vTdqMv,Bahuraksa Dongoran,2025-03-08 07:38:12.394848
459,sutan.279@perum.my.id,+aIVk1RB5BqH,Sutan Cahyadi Rajata,2025-06-01 20:29:58.359613
460,nadine.957@pd.int,YIR4Y@fa^W4J,Nadine Utami,2025-05-22 20:39:20.035804
461,kani.41@ud.mil.id,*5_YiwtKs26s,Kani Aryani,2024-08-20 10:24:52.482356
462,hairyanto.983@cv.desa.id,gsG30fER$^_%,Hairyanto Haryanto,2025-05-03 07:41:44.194261
463,reza.145@ud.desa.id,PH6F4mlR$3Tx,Reza Yulianti,2024-07-05 21:42:43.770665
464,langgeng.382@cv.my.id,@TOiAEWdb98%,Langgeng Wijaya,2025-05-08 20:17:27.006225
465,zizi.63@ud.sch.id,2!F_&jeoq4OA,"Zizi Hariyah, S.Farm",2025-02-16 21:08:18.922077
466,rizki.996@pd.web.id,#6llwDkcH_tC,Rizki Wijayanti,2024-08-10 05:01:53.549965
467,olga.636@perum.id,#A6VG_vm%7uC,Olga Puspita,2025-01-12 10:31:24.474176
468,cakrabuana.494@cv.ac.id,(G1I4aXLCd_d,Cakrabuana Wibisono,2025-03-20 01:14:54.926463
469,drg..781@pd.desa.id,ozX$CX4w+u+5,drg. Diana Palastri,2024-11-18 13:54:03.482654
470,dr..285@pt.sch.id,$MGe@qqq71!),Dr. Ajimin Yuniar,2024-10-30 21:31:27.548833
471,dr..24@perum.edu,@mIvG#lc)05u,dr. Gabriella Wijaya,2025-05-04 14:23:23.099310
472,tgk..184@pt.co.id,_G#AnQERF6!y,Tgk. Shania Tarihoran,2024-12-18 07:10:27.352205
473,jaswadi.846@perum.edu,(2BmS$ubscLA,Jaswadi Mandala,2024-08-27 19:56:06.584420
474,pandu.921@perum.net,dJ(H(%hzF+0J,Pandu Permadi,2025-05-23 14:56:27.647369
475,kania.490@ud.int,uekbRfU&2$52,Kania Habibi,2025-06-20 12:58:01.745157
476,t..489@cv.com,k^&_4ZhtMHR_,T. Harto Rahayu,2024-12-24 16:22:21.111529
477,vega.140@ud.ponpes.id,q%dB9AYyqnnU,Vega Yuniar,2024-08-18 09:40:04.251451
478,drg..540@ud.ponpes.id,u9Pf1Gfz#so$,drg. Margana Adriansyah,2024-12-12 23:44:03.935481
479,warsita.60@perum.go.id,_grlIE+q0_v5,Warsita Agustina,2025-03-19 19:30:44.582009
480,lala.776@cv.net,KLZ8ZJHl!FZZ,Lala Samosir,2025-04-24 19:35:44.115857
481,hj..18@pd.go.id,1v5ZRqITAK@y,"Hj. Maida Haryanto, S.Farm",2025-01-18 16:48:29.753820
482,umi.416@ud.my.id,^F9T6x#IB^5+,Umi Mandala,2025-03-21 23:15:24.682320
483,halim.616@cv.gov,keYD_pxK#6Mb,Halim Puspasari,2024-08-13 18:57:24.496697
484,queen.947@pd.sch.id,@7GJFfCk$3Cd,Queen Winarno,2024-10-02 11:17:54.243611
485,omar.502@pt.int,i_JvKVyz^1y_,Omar Putra,2024-11-21 15:42:20.973583
486,galak.337@pd.go.id,*(UcoH_f(@_2,Galak Permadi,2025-01-30 17:49:13.989159
487,nyoman.341@pt.my.id,#DPux!%h2^7^,"Nyoman Thamrin, S.E.I",2025-04-03 16:31:45.983776
488,kh..861@cv.gov,(1IFJrL2p)bL,KH. Jarwadi Novitasari,2025-01-29 06:09:41.213225
489,ir..763@pd.org,A%5C^Efj_5FE,Ir. Hari Saragih,2024-09-14 18:54:30.930899
490,karja.649@ud.edu,h(3utXjC)CSI,Karja Marpaung,2024-10-11 13:54:12.625923
491,anita.396@pd.int,Mz%6K7O^#aSt,Anita Sitompul,2024-11-13 20:03:51.911676
492,rini.730@pd.or.id,)!34j7UfnWhL,"Rini Mulyani, S.H.",2024-08-30 09:44:22.110913
493,r.a..601@ud.desa.id,af)^1Kg#L4m9,R.A. Jelita Wacana,2025-05-14 04:44:48.719577
494,amelia.95@cv.my.id,hYI27SHe#*%k,Amelia Rajasa,2025-05-20 23:27:43.536617
495,cut.769@cv.mil.id,&@6!Ovv0j^X8,Cut Tami Januar,2024-07-28 03:10:16.135059
496,maimunah.617@pt.org,rFRlq9@3#4nx,Maimunah Usamah,2024-08-12 02:20:13.207537
497,kh..954@pt.desa.id,@leO$qydO9Ay,"KH. Cakrawala Sihombing, S.Psi",2024-12-09 05:23:31.885089
498,fathonah.887@pd.web.id,QgUHgLwK%AC6,Fathonah Sihotang,2025-05-29 21:02:07.107860
499,h..812@ud.net.id,!9H6MStlT^_G,"H. Hendri Budiyanto, S.Kom",2024-08-07 22:18:58.413577
500,janet.281@perum.ponpes.id,@*yyXvXM2a6R,Janet Kusmawati,2025-06-09 05:56:34.083539
